{"meshURL":"D:\\Dev\\3DToSprite\\Assets\\barney_animated__rigged.glb","cellSize":{"x":100.0,"y":100.0},"rotation":{"x":0.0,"y":150.0},"scale":{"x":0.05000000074505806,"y":0.05000000074505806,"z":0.05000000074505806}}