{"meshURL":"D:\\Dev\\3DToSprite\\Assets\\barney_animated__rigged.glb","cellSize":{"x":150,"y":150},"rotation":{"x":28.5,"y":137.25},"scale":{"x":0.05000000074505806,"y":0.05000000074505806,"z":0.05000000074505806}}