{"meshURL":"D:\\Dev\\3DToSprite\\Assets\\barney_animated__rigged.glb","cellSize":{"x":100,"y":100},"rotation":{"x":13.0,"y":-140.0},"scale":{"x":0.05000000074505806,"y":0.05000000074505806,"z":0.05000000074505806}}